Team,Franchise,FranchiseID,Season,YearIndex,WinRate,3PA%,ORtg,DRtg,Pace
Atlanta Hawks,Atlanta Hawks,ATL,2005,1,0.159,0.146,100.6,111.1,91.4
Atlanta Hawks,Atlanta Hawks,ATL,2006,2,0.317,0.178,106.4,111.6,90.4
Atlanta Hawks,Atlanta Hawks,ATL,2007,3,0.366,0.163,103,108.3,90
Atlanta Hawks,Atlanta Hawks,ATL,2008,4,0.451,0.165,106.9,108.9,91.1
Atlanta Hawks,Atlanta Hawks,ATL,2009,5,0.573,0.253,109.3,107.6,89.6
Atlanta Hawks,Atlanta Hawks,ATL,2010,6,0.646,0.214,111.9,106.7,90.1
Atlanta Hawks,Atlanta Hawks,ATL,2011,7,0.537,0.222,106.1,107,89.3
Atlanta Hawks,Atlanta Hawks,ATL,2012,8,0.606,0.249,104.9,101.2,90.2
Atlanta Hawks,Atlanta Hawks,ATL,2013,9,0.537,0.286,104.8,104.4,92.6
Atlanta Hawks,Atlanta Hawks,ATL,2014,10,0.463,0.316,105.9,106.4,94.6
Atlanta Hawks,Atlanta Hawks,ATL,2015,11,0.732,0.321,108.9,103.1,93.9
Atlanta Hawks,Atlanta Hawks,ATL,2016,12,0.585,0.336,105.1,101.4,97.1
Atlanta Hawks,Atlanta Hawks,ATL,2017,13,0.524,0.309,104.9,105.7,97.4
Atlanta Hawks,Atlanta Hawks,ATL,2018,14,0.293,0.363,105,110.6,98.3
Atlanta Hawks,Atlanta Hawks,ATL,2019,15,0.354,0.403,108.1,113.9,103.9
Atlanta Hawks,Atlanta Hawks,ATL,2020,16,0.299,0.398,107.2,114.8,103
Atlanta Hawks,Atlanta Hawks,ATL,2021,17,0.569,0.382,115.7,113.3,97.6
Atlanta Hawks,Atlanta Hawks,ATL,2022,18,0.524,0.39,116.5,114.9,97.7
Atlanta Hawks,Atlanta Hawks,ATL,2023,19,0.5,0.331,116.6,116.3,100.7
Atlanta Hawks,Atlanta Hawks,ATL,2024,20,0.439,0.407,117.2,119.4,100.1
New Jersey Nets,Brooklyn Nets,BKN,2005,1,0.512,0.187,101.4,103.1,89.1
New Jersey Nets,Brooklyn Nets,BKN,2006,2,0.598,0.229,103.9,102.4,89.8
New Jersey Nets,Brooklyn Nets,BKN,2007,3,0.5,0.263,105.7,106.6,91.4
New Jersey Nets,Brooklyn Nets,BKN,2008,4,0.415,0.222,104,109.4,91.5
New Jersey Nets,Brooklyn Nets,BKN,2009,5,0.415,0.265,108.3,111,89.9
New Jersey Nets,Brooklyn Nets,BKN,2010,6,0.146,0.181,100.6,110.5,91.4
New Jersey Nets,Brooklyn Nets,BKN,2011,7,0.293,0.201,103.1,109.9,89.9
New Jersey Nets,Brooklyn Nets,BKN,2012,8,0.333,0.278,102.9,109.6,90.1
Brooklyn Nets,Brooklyn Nets,BKN,2013,9,0.598,0.269,108.2,106.2,88.8
Brooklyn Nets,Brooklyn Nets,BKN,2014,10,0.537,0.301,106.7,107.7,91.4
Brooklyn Nets,Brooklyn Nets,BKN,2015,11,0.463,0.24,104.4,107.4,92.7
Brooklyn Nets,Brooklyn Nets,BKN,2016,12,0.256,0.218,103.2,110.9,95.2
Brooklyn Nets,Brooklyn Nets,BKN,2017,13,0.244,0.371,104.1,110.7,101.3
Brooklyn Nets,Brooklyn Nets,BKN,2018,14,0.341,0.411,106.9,110.6,98.9
Brooklyn Nets,Brooklyn Nets,BKN,2019,15,0.512,0.403,109.6,109.7,100.8
Brooklyn Nets,Brooklyn Nets,BKN,2020,16,0.486,0.423,108.9,109.5,101.4
Brooklyn Nets,Brooklyn Nets,BKN,2021,17,0.667,0.413,118.3,113.8,99.5
Brooklyn Nets,Brooklyn Nets,BKN,2022,18,0.537,0.359,113.6,112.8,99
Brooklyn Nets,Brooklyn Nets,BKN,2023,19,0.549,0.397,115,114.1,98.3
Brooklyn Nets,Brooklyn Nets,BKN,2024,20,0.39,0.412,113.2,116.1,96.9
Boston Celtics,Boston Celtics,BOS,2005,1,0.549,0.192,107.5,106.6,93.3
Boston Celtics,Boston Celtics,BOS,2006,2,0.402,0.204,105.2,106.9,92.2
Boston Celtics,Boston Celtics,BOS,2007,3,0.293,0.199,103.2,106.9,92
Boston Celtics,Boston Celtics,BOS,2008,4,0.805,0.249,110.2,98.9,90.9
Boston Celtics,Boston Celtics,BOS,2009,5,0.756,0.214,110.5,102.3,90.4
Boston Celtics,Boston Celtics,BOS,2010,6,0.61,0.228,107.7,103.8,91.6
Boston Celtics,Boston Celtics,BOS,2011,7,0.683,0.18,106.2,100.3,90.4
Boston Celtics,Boston Celtics,BOS,2012,8,0.591,0.194,101,98.2,90.4
Boston Celtics,Boston Celtics,BOS,2013,9,0.5,0.215,103.1,103.3,91.7
Boston Celtics,Boston Celtics,BOS,2014,10,0.305,0.251,102.9,107.7,93.3
Boston Celtics,Boston Celtics,BOS,2015,11,0.488,0.28,104.7,104.5,95.8
Boston Celtics,Boston Celtics,BOS,2016,12,0.585,0.293,106.8,103.6,98.5
Boston Celtics,Boston Celtics,BOS,2017,13,0.646,0.393,111.2,108.4,96.8
Boston Celtics,Boston Celtics,BOS,2018,14,0.671,0.357,107.6,103.9,96
Boston Celtics,Boston Celtics,BOS,2019,15,0.598,0.381,112.2,107.8,99.6
Boston Celtics,Boston Celtics,BOS,2020,16,0.667,0.386,113.3,107,99.5
Boston Celtics,Boston Celtics,BOS,2021,17,0.5,0.409,114,112.5,98.3
Boston Celtics,Boston Celtics,BOS,2022,18,0.622,0.425,114.4,106.9,96.6
Boston Celtics,Boston Celtics,BOS,2023,19,0.695,0.48,118,111.5,98.5
Boston Celtics,Boston Celtics,BOS,2024,20,0.78,0.471,123.2,111.6,97.2
Charlotte Bobcats,Charlotte Hornets,CHA,2005,1,0.22,0.128,101.1,107.5,92.3
Charlotte Bobcats,Charlotte Hornets,CHA,2006,2,0.317,0.184,102.5,106.7,93.4
Charlotte Bobcats,Charlotte Hornets,CHA,2007,3,0.402,0.193,103.6,107.6,92
Charlotte Bobcats,Charlotte Hornets,CHA,2008,4,0.39,0.22,104.6,109.4,91.8
Charlotte Bobcats,Charlotte Hornets,CHA,2009,5,0.427,0.213,104.7,106.1,88.3
Charlotte Bobcats,Charlotte Hornets,CHA,2010,6,0.537,0.211,104.4,102.8,90.4
Charlotte Bobcats,Charlotte Hornets,CHA,2011,7,0.415,0.189,103.4,107.8,89.6
Charlotte Bobcats,Charlotte Hornets,CHA,2012,8,0.106,0.169,95.2,110.4,91.1
Charlotte Bobcats,Charlotte Hornets,CHA,2013,9,0.256,0.21,101.5,111.5,91.5
Charlotte Bobcats,Charlotte Hornets,CHA,2014,10,0.524,0.219,103.6,103.8,92.4
Charlotte Hornets,Charlotte Hornets,CHA,2015,11,0.402,0.226,100.1,103.5,93
Charlotte Hornets,Charlotte Hornets,CHA,2016,12,0.585,0.348,107.2,104.3,95.6
Charlotte Hornets,Charlotte Hornets,CHA,2017,13,0.439,0.335,108.8,108.6,95.7
Charlotte Hornets,Charlotte Hornets,CHA,2018,14,0.439,0.314,109.4,109.1,98.4
Charlotte Hornets,Charlotte Hornets,CHA,2019,15,0.476,0.378,111.4,112.5,98.7
Charlotte Hornets,Charlotte Hornets,CHA,2020,16,0.354,0.399,106.3,113.3,95.8
Charlotte Hornets,Charlotte Hornets,CHA,2021,17,0.458,0.422,110.9,112.8,98.3
Charlotte Hornets,Charlotte Hornets,CHA,2022,18,0.524,0.418,114.1,113.7,100
Charlotte Hornets,Charlotte Hornets,CHA,2023,19,0.329,0.36,109.2,115.3,100.8
Charlotte Hornets,Charlotte Hornets,CHA,2024,20,0.256,0.391,109.3,119.8,97.3
Chicago Bulls,Chicago Bulls,CHI,2005,1,0.573,0.217,101.4,100.3,92.4
Chicago Bulls,Chicago Bulls,CHI,2006,2,0.5,0.219,104,103.4,92.9
Chicago Bulls,Chicago Bulls,CHI,2007,3,0.598,0.186,104.9,99.6,93.6
Chicago Bulls,Chicago Bulls,CHI,2008,4,0.402,0.19,103.9,107.2,93
Chicago Bulls,Chicago Bulls,CHI,2009,5,0.5,0.189,108.4,108.7,93.1
Chicago Bulls,Chicago Bulls,CHI,2010,6,0.5,0.156,103.5,105.3,93.1
Chicago Bulls,Chicago Bulls,CHI,2011,7,0.756,0.215,108.3,100.3,90.4
Chicago Bulls,Chicago Bulls,CHI,2012,8,0.758,0.205,107.4,98.3,89.1
Chicago Bulls,Chicago Bulls,CHI,2013,9,0.549,0.189,103.5,103.2,89.3
Chicago Bulls,Chicago Bulls,CHI,2014,10,0.585,0.222,102.5,100.5,90.2
Chicago Bulls,Chicago Bulls,CHI,2015,11,0.61,0.269,107.5,104.3,92.8
Chicago Bulls,Chicago Bulls,CHI,2016,12,0.512,0.244,105,106.5,95.7
Chicago Bulls,Chicago Bulls,CHI,2017,13,0.5,0.256,107.4,107,95.3
Chicago Bulls,Chicago Bulls,CHI,2018,14,0.329,0.35,103.8,110.9,98.3
Chicago Bulls,Chicago Bulls,CHI,2019,15,0.268,0.295,104.8,113.2,99
Chicago Bulls,Chicago Bulls,CHI,2020,16,0.338,0.396,106.7,109.8,99.7
Chicago Bulls,Chicago Bulls,CHI,2021,17,0.431,0.383,111.1,112,99
Chicago Bulls,Chicago Bulls,CHI,2022,18,0.561,0.332,113.2,113.6,98.3
Chicago Bulls,Chicago Bulls,CHI,2023,19,0.488,0.333,113.5,112.2,98.5
Chicago Bulls,Chicago Bulls,CHI,2024,20,0.476,0.359,114.9,116.3,96.3
Cleveland Cavaliers,Cleveland Cavaliers,CLE,2005,1,0.512,0.135,106.6,105.7,89.7
Cleveland Cavaliers,Cleveland Cavaliers,CLE,2006,2,0.61,0.228,107.8,105.4,89.8
Cleveland Cavaliers,Cleveland Cavaliers,CLE,2007,3,0.61,0.211,105.5,101.3,90.8
Cleveland Cavaliers,Cleveland Cavaliers,CLE,2008,4,0.549,0.231,106,106.4,90.2
Cleveland Cavaliers,Cleveland Cavaliers,CLE,2009,5,0.805,0.259,112.4,102.4,88.7
Cleveland Cavaliers,Cleveland Cavaliers,CLE,2010,6,0.744,0.248,111.2,104.1,91.4
Cleveland Cavaliers,Cleveland Cavaliers,CLE,2011,7,0.232,0.224,102.2,111.8,93
Cleveland Cavaliers,Cleveland Cavaliers,CLE,2012,8,0.318,0.238,101.1,108.9,91.3
Cleveland Cavaliers,Cleveland Cavaliers,CLE,2013,9,0.293,0.229,104.3,109.4,92.3
Cleveland Cavaliers,Cleveland Cavaliers,CLE,2014,10,0.402,0.236,104.2,107.7,93.1
Cleveland Cavaliers,Cleveland Cavaliers,CLE,2015,11,0.646,0.334,111.1,106.3,92.3
Cleveland Cavaliers,Cleveland Cavaliers,CLE,2016,12,0.695,0.352,110.9,104.5,93.3
Cleveland Cavaliers,Cleveland Cavaliers,CLE,2017,13,0.622,0.399,113.6,110.3,96.2
Cleveland Cavaliers,Cleveland Cavaliers,CLE,2018,14,0.61,0.379,112.9,111.9,98
Cleveland Cavaliers,Cleveland Cavaliers,CLE,2019,15,0.232,0.332,107.7,117.6,96.6
Cleveland Cavaliers,Cleveland Cavaliers,CLE,2020,16,0.292,0.362,107.5,115.4,98.7
Cleveland Cavaliers,Cleveland Cavaliers,CLE,2021,17,0.306,0.347,105.8,114.4,97.3
Cleveland Cavaliers,Cleveland Cavaliers,CLE,2022,18,0.537,0.387,111.9,109.7,96.1
Cleveland Cavaliers,Cleveland Cavaliers,CLE,2023,19,0.622,0.371,116.1,110.6,95.7
Cleveland Cavaliers,Cleveland Cavaliers,CLE,2024,20,0.585,0.422,115.2,112.7,97.2
Dallas Mavericks,Dallas Mavericks,DAL,2005,1,0.707,0.19,110.3,104.1,92.7
Dallas Mavericks,Dallas Mavericks,DAL,2006,2,0.732,0.175,111.8,105,87.8
Dallas Mavericks,Dallas Mavericks,DAL,2007,3,0.817,0.218,111.3,103.2,89.5
Dallas Mavericks,Dallas Mavericks,DAL,2008,4,0.622,0.215,111.1,106.1,90.2
Dallas Mavericks,Dallas Mavericks,DAL,2009,5,0.61,0.241,110.5,108.4,91.5
Dallas Mavericks,Dallas Mavericks,DAL,2010,6,0.671,0.222,109.2,106.3,92.5
Dallas Mavericks,Dallas Mavericks,DAL,2011,7,0.695,0.274,109.7,105,91.3
Dallas Mavericks,Dallas Mavericks,DAL,2012,8,0.545,0.271,103.3,102.3,91.4
Dallas Mavericks,Dallas Mavericks,DAL,2013,9,0.5,0.236,105.9,106.5,94.1
Dallas Mavericks,Dallas Mavericks,DAL,2014,10,0.598,0.274,111.2,108.7,93.5
Dallas Mavericks,Dallas Mavericks,DAL,2015,11,0.61,0.296,109.5,106.4,95.2
Dallas Mavericks,Dallas Mavericks,DAL,2016,12,0.512,0.339,106.7,107,94.3
Dallas Mavericks,Dallas Mavericks,DAL,2017,13,0.402,0.366,105.6,108.8,92.2
Dallas Mavericks,Dallas Mavericks,DAL,2018,14,0.293,0.382,106.3,109.5,95.6
Dallas Mavericks,Dallas Mavericks,DAL,2019,15,0.402,0.422,109.4,110.7,99
Dallas Mavericks,Dallas Mavericks,DAL,2020,16,0.573,0.457,116.7,111.7,99.3
Dallas Mavericks,Dallas Mavericks,DAL,2021,17,0.583,0.436,115.4,113,97.3
Dallas Mavericks,Dallas Mavericks,DAL,2022,18,0.634,0.439,112.8,109.4,95.4
Dallas Mavericks,Dallas Mavericks,DAL,2023,19,0.463,0.487,116.8,116.7,96.6
Dallas Mavericks,Dallas Mavericks,DAL,2024,20,0.61,0.44,117.6,115.4,100.1
Denver Nuggets,Denver Nuggets,DEN,2005,1,0.598,0.142,106,103.9,93.5
Denver Nuggets,Denver Nuggets,DEN,2006,2,0.537,0.161,105.5,105.2,93.9
Denver Nuggets,Denver Nuggets,DEN,2007,3,0.549,0.212,107.6,105.9,97.4
Denver Nuggets,Denver Nuggets,DEN,2008,4,0.61,0.228,110,106.3,99.7
Denver Nuggets,Denver Nuggets,DEN,2009,5,0.659,0.227,110.4,106.8,94.3
Denver Nuggets,Denver Nuggets,DEN,2010,6,0.646,0.227,111.8,107.5,94.8
Denver Nuggets,Denver Nuggets,DEN,2011,7,0.61,0.258,112.3,107.3,95.6
Denver Nuggets,Denver Nuggets,DEN,2012,8,0.576,0.243,109.2,106.2,94.2
Denver Nuggets,Denver Nuggets,DEN,2013,9,0.695,0.217,110.4,105.1,95.1
Denver Nuggets,Denver Nuggets,DEN,2014,10,0.439,0.278,106,108.2,98.1
Denver Nuggets,Denver Nuggets,DEN,2015,11,0.366,0.284,104.5,108.2,96.1
Denver Nuggets,Denver Nuggets,DEN,2016,12,0.402,0.277,105.6,108.9,95.7
Denver Nuggets,Denver Nuggets,DEN,2017,13,0.488,0.329,113.2,112.7,98.3
Denver Nuggets,Denver Nuggets,DEN,2018,14,0.561,0.357,112.5,111,96.8
Denver Nuggets,Denver Nuggets,DEN,2019,15,0.659,0.348,113,108.9,97.7
Denver Nuggets,Denver Nuggets,DEN,2020,16,0.63,0.344,113.1,111,97.1
Denver Nuggets,Denver Nuggets,DEN,2021,17,0.653,0.383,117.1,112.1,97.1
Denver Nuggets,Denver Nuggets,DEN,2022,18,0.585,0.416,114.5,112.1,97.8
Denver Nuggets,Denver Nuggets,DEN,2023,19,0.646,0.361,117.6,114.2,98.1
Denver Nuggets,Denver Nuggets,DEN,2024,20,0.695,0.351,118.5,113,96.8
Detroit Pistons,Detroit Pistons,DET,2005,1,0.659,0.164,105.6,101.2,87.2
Detroit Pistons,Detroit Pistons,DET,2006,2,0.78,0.221,110.8,103.1,86.8
Detroit Pistons,Detroit Pistons,DET,2007,3,0.646,0.201,108.9,104.2,87.3
Detroit Pistons,Detroit Pistons,DET,2008,4,0.72,0.203,111.4,102.9,87.3
Detroit Pistons,Detroit Pistons,DET,2009,5,0.476,0.165,107.4,108,86.7
Detroit Pistons,Detroit Pistons,DET,2010,6,0.329,0.18,105.6,111.4,88.5
Detroit Pistons,Detroit Pistons,DET,2011,7,0.366,0.189,107.7,111.7,89.2
Detroit Pistons,Detroit Pistons,DET,2012,8,0.379,0.175,101,106.3,89.2
Detroit Pistons,Detroit Pistons,DET,2013,9,0.354,0.217,103.8,108.1,90.8
Detroit Pistons,Detroit Pistons,DET,2014,10,0.354,0.222,105.9,109.7,94.9
Detroit Pistons,Detroit Pistons,DET,2015,11,0.39,0.29,105.3,106.4,92.8
Detroit Pistons,Detroit Pistons,DET,2016,12,0.537,0.303,106.1,105.5,95.1
Detroit Pistons,Detroit Pistons,DET,2017,13,0.451,0.263,106,107.1,95
Detroit Pistons,Detroit Pistons,DET,2018,14,0.476,0.333,107.2,107.3,96.2
Detroit Pistons,Detroit Pistons,DET,2019,15,0.5,0.394,109,109.2,97.4
Detroit Pistons,Detroit Pistons,DET,2020,16,0.303,0.381,109,112.7,97.6
Detroit Pistons,Detroit Pistons,DET,2021,17,0.278,0.385,108,112.5,97.9
Detroit Pistons,Detroit Pistons,DET,2022,18,0.28,0.391,106,113.8,98.4
Detroit Pistons,Detroit Pistons,DET,2023,19,0.207,0.372,110.7,118.9,99
Detroit Pistons,Detroit Pistons,DET,2024,20,0.171,0.359,109.7,118.8,99.8
Golden State Warriors,Golden State Warriors,GSW,2005,1,0.415,0.252,104.7,106.9,93.3
Golden State Warriors,Golden State Warriors,GSW,2006,2,0.415,0.27,104.8,106.2,93.3
Golden State Warriors,Golden State Warriors,GSW,2007,3,0.512,0.279,107,107.4,99.2
Golden State Warriors,Golden State Warriors,GSW,2008,4,0.585,0.295,111.8,109.5,98.8
Golden State Warriors,Golden State Warriors,GSW,2009,5,0.354,0.209,109.5,113.3,98.2
Golden State Warriors,Golden State Warriors,GSW,2010,6,0.317,0.238,108.1,111.7,100.4
Golden State Warriors,Golden State Warriors,GSW,2011,7,0.439,0.248,108.2,110.7,94.8
Golden State Warriors,Golden State Warriors,GSW,2012,8,0.348,0.248,105.4,109.1,92.3
Golden State Warriors,Golden State Warriors,GSW,2013,9,0.573,0.239,106.4,105.5,94.5
Golden State Warriors,Golden State Warriors,GSW,2014,10,0.622,0.291,107.5,102.6,96.2
Golden State Warriors,Golden State Warriors,GSW,2015,11,0.817,0.311,111.6,101.4,98.3
Golden State Warriors,Golden State Warriors,GSW,2016,12,0.89,0.362,114.5,103.8,99.3
Golden State Warriors,Golden State Warriors,GSW,2017,13,0.817,0.359,115.6,104,99.8
Golden State Warriors,Golden State Warriors,GSW,2018,14,0.707,0.339,113.6,107.7,99.6
Golden State Warriors,Golden State Warriors,GSW,2019,15,0.695,0.384,115.9,109.5,100.9
Golden State Warriors,Golden State Warriors,GSW,2020,16,0.231,0.355,105.2,113.8,100.3
Golden State Warriors,Golden State Warriors,GSW,2021,17,0.542,0.439,111.1,110.1,102.2
Golden State Warriors,Golden State Warriors,GSW,2022,18,0.646,0.456,112.5,106.9,98.4
Golden State Warriors,Golden State Warriors,GSW,2023,19,0.537,0.479,116.1,114.4,101.6
Golden State Warriors,Golden State Warriors,GSW,2024,20,0.561,0.425,117.8,115.2,99.2
Houston Rockets,Houston Rockets,HOU,2005,1,0.622,0.237,106.2,101.7,88.8
Houston Rockets,Houston Rockets,HOU,2006,2,0.415,0.226,101.6,103.3,88
Houston Rockets,Houston Rockets,HOU,2007,3,0.634,0.29,106,100.7,90.7
Houston Rockets,Houston Rockets,HOU,2008,4,0.671,0.255,106.8,101.6,90.4
Houston Rockets,Houston Rockets,HOU,2009,5,0.646,0.254,108.4,104,90.2
Houston Rockets,Houston Rockets,HOU,2010,6,0.512,0.265,107.6,108,94
Houston Rockets,Houston Rockets,HOU,2011,7,0.524,0.264,111.3,109,94.2
Houston Rockets,Houston Rockets,HOU,2012,8,0.515,0.24,105.5,105.2,91.7
Houston Rockets,Houston Rockets,HOU,2013,9,0.549,0.349,109.7,106.1,96.1
Houston Rockets,Houston Rockets,HOU,2014,10,0.659,0.33,111,106.3,96.3
Houston Rockets,Houston Rockets,HOU,2015,11,0.683,0.392,107,103.4,96.5
Houston Rockets,Houston Rockets,HOU,2016,12,0.5,0.37,108.3,108.1,97.6
Houston Rockets,Houston Rockets,HOU,2017,13,0.671,0.462,114.7,109,100
Houston Rockets,Houston Rockets,HOU,2018,14,0.793,0.502,114.7,106.1,97.6
Houston Rockets,Houston Rockets,HOU,2019,15,0.646,0.519,115.5,110.7,97.9
Houston Rockets,Houston Rockets,HOU,2020,16,0.611,0.501,112.9,110.1,103.7
Houston Rockets,Houston Rockets,HOU,2021,17,0.236,0.459,107.1,114.9,101.4
Houston Rockets,Houston Rockets,HOU,2022,18,0.244,0.448,108.4,116.7,100.9
Houston Rockets,Houston Rockets,HOU,2023,19,0.268,0.359,111.4,119.3,99
Houston Rockets,Houston Rockets,HOU,2024,20,0.5,0.397,114.5,113.4,99
Indiana Pacers,Indiana Pacers,IND,2005,1,0.537,0.255,105.5,104.6,87.2
Indiana Pacers,Indiana Pacers,IND,2006,2,0.5,0.245,104.5,102.4,89.7
Indiana Pacers,Indiana Pacers,IND,2007,3,0.427,0.212,102.9,105.5,92.4
Indiana Pacers,Indiana Pacers,IND,2008,4,0.439,0.289,106,107.5,97.7
Indiana Pacers,Indiana Pacers,IND,2009,5,0.439,0.244,108.1,109.2,96.5
Indiana Pacers,Indiana Pacers,IND,2010,6,0.39,0.278,103.7,106.8,97.1
Indiana Pacers,Indiana Pacers,IND,2011,7,0.451,0.244,104.8,106,94.7
Indiana Pacers,Indiana Pacers,IND,2012,8,0.636,0.198,106.7,103.1,90.7
Indiana Pacers,Indiana Pacers,IND,2013,9,0.598,0.245,104.3,99.8,90.2
Indiana Pacers,Indiana Pacers,IND,2014,10,0.683,0.235,104.1,99.3,92.5
Indiana Pacers,Indiana Pacers,IND,2015,11,0.463,0.255,103.5,103.2,93.2
Indiana Pacers,Indiana Pacers,IND,2016,12,0.549,0.27,104.6,102.9,96.6
Indiana Pacers,Indiana Pacers,IND,2017,13,0.512,0.272,108.6,108.8,95.9
Indiana Pacers,Indiana Pacers,IND,2018,14,0.585,0.284,109.5,108.1,96
Indiana Pacers,Indiana Pacers,IND,2019,15,0.585,0.292,109.9,106.5,98.1
Indiana Pacers,Indiana Pacers,IND,2020,16,0.616,0.317,110,108,98.9
Indiana Pacers,Indiana Pacers,IND,2021,17,0.472,0.372,112.4,112.4,101.6
Indiana Pacers,Indiana Pacers,IND,2022,18,0.305,0.395,112.6,116.1,98
Indiana Pacers,Indiana Pacers,IND,2023,19,0.427,0.413,114.6,117.7,101.1
Indiana Pacers,Indiana Pacers,IND,2024,20,0.573,0.381,121,118,101.7
Los Angeles Clippers,Los Angeles Clippers,LAC,2005,1,0.451,0.105,105.5,106.4,89.1
Los Angeles Clippers,Los Angeles Clippers,LAC,2006,2,0.573,0.131,105.3,103.6,91.7
Los Angeles Clippers,Los Angeles Clippers,LAC,2007,3,0.488,0.143,105.1,105.6,90.8
Los Angeles Clippers,Los Angeles Clippers,LAC,2008,4,0.28,0.167,101.2,109.1,92.1
Los Angeles Clippers,Los Angeles Clippers,LAC,2009,5,0.232,0.226,102.3,111.7,92.1
Los Angeles Clippers,Los Angeles Clippers,LAC,2010,6,0.354,0.221,103.3,110.1,92.6
Los Angeles Clippers,Los Angeles Clippers,LAC,2011,7,0.39,0.23,105.3,108.7,92.8
Los Angeles Clippers,Los Angeles Clippers,LAC,2012,8,0.606,0.269,108.5,105.7,89.2
Los Angeles Clippers,Los Angeles Clippers,LAC,2013,9,0.683,0.265,110.6,103.6,91.1
Los Angeles Clippers,Los Angeles Clippers,LAC,2014,10,0.695,0.291,112.1,104.8,95.9
Los Angeles Clippers,Los Angeles Clippers,LAC,2015,11,0.683,0.322,112.4,105.5,94.7
Los Angeles Clippers,Los Angeles Clippers,LAC,2016,12,0.646,0.324,108.3,103.8,95.8
Los Angeles Clippers,Los Angeles Clippers,LAC,2017,13,0.622,0.329,112.7,108.2,96.1
Los Angeles Clippers,Los Angeles Clippers,LAC,2018,14,0.512,0.314,110.3,110.2,98.7
Los Angeles Clippers,Los Angeles Clippers,LAC,2019,15,0.585,0.295,112.4,111.5,101.7
Los Angeles Clippers,Los Angeles Clippers,LAC,2020,16,0.681,0.375,113.9,107.6,101.5
Los Angeles Clippers,Los Angeles Clippers,LAC,2021,17,0.653,0.4,117.6,111.2,96.9
Los Angeles Clippers,Los Angeles Clippers,LAC,2022,18,0.512,0.391,110.1,110.1,98
Los Angeles Clippers,Los Angeles Clippers,LAC,2023,19,0.537,0.387,115,114.5,98
Los Angeles Clippers,Los Angeles Clippers,LAC,2024,20,0.622,0.383,118.8,115.4,97.2
Los Angeles Lakers,Los Angeles Lakers,LAL,2005,1,0.415,0.273,108.1,111.4,90.8
Los Angeles Lakers,Los Angeles Lakers,LAL,2006,2,0.549,0.24,108.4,105.7,90.9
Los Angeles Lakers,Los Angeles Lakers,LAL,2007,3,0.512,0.259,108.6,108.6,93.5
Los Angeles Lakers,Los Angeles Lakers,LAL,2008,4,0.695,0.257,113,105.5,95.6
Los Angeles Lakers,Los Angeles Lakers,LAL,2009,5,0.793,0.217,112.8,104.7,94.3
Los Angeles Lakers,Los Angeles Lakers,LAL,2010,6,0.695,0.227,108.8,103.7,92.8
Los Angeles Lakers,Los Angeles Lakers,LAL,2011,7,0.695,0.22,111,104.3,90.7
Los Angeles Lakers,Los Angeles Lakers,LAL,2012,8,0.621,0.209,106,104.4,90.5
Los Angeles Lakers,Los Angeles Lakers,LAL,2013,9,0.549,0.303,107.8,106.6,94.4
Los Angeles Lakers,Los Angeles Lakers,LAL,2014,10,0.329,0.291,104.2,110.6,98.7
Los Angeles Lakers,Los Angeles Lakers,LAL,2015,11,0.256,0.22,103.4,110.6,94
Los Angeles Lakers,Los Angeles Lakers,LAL,2016,12,0.207,0.29,101.6,111.6,95.6
Los Angeles Lakers,Los Angeles Lakers,LAL,2017,13,0.317,0.295,106,113,98.5
Los Angeles Lakers,Los Angeles Lakers,LAL,2018,14,0.427,0.329,106.5,108,100.3
Los Angeles Lakers,Los Angeles Lakers,LAL,2019,15,0.451,0.342,107.8,109.5,103.2
Los Angeles Lakers,Los Angeles Lakers,LAL,2020,16,0.732,0.358,112,106.3,100.9
Los Angeles Lakers,Los Angeles Lakers,LAL,2021,17,0.583,0.363,109.9,107.1,98.7
Los Angeles Lakers,Los Angeles Lakers,LAL,2022,18,0.402,0.388,110.3,113.3,100.1
Los Angeles Lakers,Los Angeles Lakers,LAL,2023,19,0.524,0.351,114.5,113.9,101.3
Los Angeles Lakers,Los Angeles Lakers,LAL,2024,20,0.573,0.359,115.9,115.3,100.9
Memphis Grizzlies,Memphis Grizzlies,MEM,2005,1,0.549,0.237,105.5,102.9,88.5
Memphis Grizzlies,Memphis Grizzlies,MEM,2006,2,0.598,0.258,105.9,101.6,86.3
Memphis Grizzlies,Memphis Grizzlies,MEM,2007,3,0.268,0.211,106.9,112.3,93.6
Memphis Grizzlies,Memphis Grizzlies,MEM,2008,4,0.268,0.264,105,111.4,95.3
Memphis Grizzlies,Memphis Grizzlies,MEM,2009,5,0.293,0.175,103.5,109.5,90.1
Memphis Grizzlies,Memphis Grizzlies,MEM,2010,6,0.488,0.148,108.3,109.9,93.6
Memphis Grizzlies,Memphis Grizzlies,MEM,2011,7,0.561,0.136,107.6,105.1,91.9
Memphis Grizzlies,Memphis Grizzlies,MEM,2012,8,0.621,0.157,104,101.8,90.8
Memphis Grizzlies,Memphis Grizzlies,MEM,2013,9,0.683,0.166,104.9,100.3,88.4
Memphis Grizzlies,Memphis Grizzlies,MEM,2014,10,0.61,0.171,106.3,104.6,89.9
Memphis Grizzlies,Memphis Grizzlies,MEM,2015,11,0.671,0.184,105.7,102.2,92
Memphis Grizzlies,Memphis Grizzlies,MEM,2016,12,0.512,0.222,105.4,107.8,93.3
Memphis Grizzlies,Memphis Grizzlies,MEM,2017,13,0.524,0.316,107.7,107.1,92.3
Memphis Grizzlies,Memphis Grizzlies,MEM,2018,14,0.268,0.317,104.5,111,94.9
Memphis Grizzlies,Memphis Grizzlies,MEM,2019,15,0.402,0.342,106.1,108.8,96.6
Memphis Grizzlies,Memphis Grizzlies,MEM,2020,16,0.466,0.346,109.2,110.3,102.8
Memphis Grizzlies,Memphis Grizzlies,MEM,2021,17,0.528,0.342,112,111,100.4
Memphis Grizzlies,Memphis Grizzlies,MEM,2022,18,0.683,0.346,114.6,109,100.3
Memphis Grizzlies,Memphis Grizzlies,MEM,2023,19,0.622,0.372,115.1,111.2,101.1
Memphis Grizzlies,Memphis Grizzlies,MEM,2024,20,0.329,0.429,107.2,114.3,98.2
Miami Heat,Miami Heat,MIA,2005,1,0.72,0.198,110.2,103.1,90.8
Miami Heat,Miami Heat,MIA,2006,2,0.634,0.227,108.7,104.5,91.6
Miami Heat,Miami Heat,MIA,2007,3,0.537,0.245,104.3,105.3,89.9
Miami Heat,Miami Heat,MIA,2008,4,0.183,0.217,100.5,110,90.2
Miami Heat,Miami Heat,MIA,2009,5,0.524,0.245,107.8,107.6,89.9
Miami Heat,Miami Heat,MIA,2010,6,0.573,0.219,106.6,104.1,89.6
Miami Heat,Miami Heat,MIA,2011,7,0.707,0.235,111.7,103.5,90.9
Miami Heat,Miami Heat,MIA,2012,8,0.697,0.198,106.6,100.2,91.2
Miami Heat,Miami Heat,MIA,2013,9,0.805,0.285,112.3,103.7,90.7
Miami Heat,Miami Heat,MIA,2014,10,0.659,0.292,110.9,105.8,91.2
Miami Heat,Miami Heat,MIA,2015,11,0.451,0.262,103.9,106.7,90.9
Miami Heat,Miami Heat,MIA,2016,12,0.585,0.221,106.1,104.4,93.6
Miami Heat,Miami Heat,MIA,2017,13,0.5,0.314,107.8,106.7,95.2
Miami Heat,Miami Heat,MIA,2018,14,0.537,0.358,106.8,106.3,95.6
Miami Heat,Miami Heat,MIA,2019,15,0.476,0.368,107.3,107.6,98.2
Miami Heat,Miami Heat,MIA,2020,16,0.603,0.419,112.5,109.5,98.3
Miami Heat,Miami Heat,MIA,2021,17,0.556,0.432,111.2,111.2,96.6
Miami Heat,Miami Heat,MIA,2022,18,0.646,0.422,113.7,109.1,95.9
Miami Heat,Miami Heat,MIA,2023,19,0.537,0.408,113,113.3,96.3
Miami Heat,Miami Heat,MIA,2024,20,0.561,0.394,114,112.2,96.2
Milwaukee Bucks,Milwaukee Bucks,MIL,2005,1,0.366,0.141,106.6,109.8,90.8
Milwaukee Bucks,Milwaukee Bucks,MIL,2006,2,0.488,0.203,106.3,107.4,91.2
Milwaukee Bucks,Milwaukee Bucks,MIL,2007,3,0.341,0.219,107,111.7,92.3
Milwaukee Bucks,Milwaukee Bucks,MIL,2008,4,0.317,0.195,105.3,112.8,91.3
Milwaukee Bucks,Milwaukee Bucks,MIL,2009,5,0.415,0.208,106.7,107.9,92.6
Milwaukee Bucks,Milwaukee Bucks,MIL,2010,6,0.561,0.259,104.9,103.1,91.7
Milwaukee Bucks,Milwaukee Bucks,MIL,2011,7,0.427,0.216,101.6,102.5,89.8
Milwaukee Bucks,Milwaukee Bucks,MIL,2012,8,0.47,0.224,105.5,105.2,93.7
Milwaukee Bucks,Milwaukee Bucks,MIL,2013,9,0.463,0.232,103.6,105.2,94.7
Milwaukee Bucks,Milwaukee Bucks,MIL,2014,10,0.183,0.231,103,111.8,91.8
Milwaukee Bucks,Milwaukee Bucks,MIL,2015,11,0.5,0.223,102.7,102.2,94.1
Milwaukee Bucks,Milwaukee Bucks,MIL,2016,12,0.402,0.189,104.3,108.7,94.2
Milwaukee Bucks,Milwaukee Bucks,MIL,2017,13,0.512,0.29,109.1,109.3,94.5
Milwaukee Bucks,Milwaukee Bucks,MIL,2018,14,0.537,0.297,109.8,110.1,96.3
Milwaukee Bucks,Milwaukee Bucks,MIL,2019,15,0.732,0.419,113.8,105.2,103.3
Milwaukee Bucks,Milwaukee Bucks,MIL,2020,16,0.767,0.428,112.4,102.9,105.1
Milwaukee Bucks,Milwaukee Bucks,MIL,2021,17,0.639,0.404,117.2,111.4,102.2
Milwaukee Bucks,Milwaukee Bucks,MIL,2022,18,0.622,0.43,115.1,111.8,99.9
Milwaukee Bucks,Milwaukee Bucks,MIL,2023,19,0.707,0.446,115.4,111.9,100.5
Milwaukee Bucks,Milwaukee Bucks,MIL,2024,20,0.598,0.43,118.4,115.8,99.9
Minnesota Timberwolves,Minnesota Timberwolves,MIN,2005,1,0.537,0.173,108.2,106.6,89.1
Minnesota Timberwolves,Minnesota Timberwolves,MIN,2006,2,0.402,0.149,102.4,104.5,88.8
Minnesota Timberwolves,Minnesota Timberwolves,MIN,2007,3,0.39,0.167,103.9,107.9,91
Minnesota Timberwolves,Minnesota Timberwolves,MIN,2008,4,0.268,0.185,103.8,111.2,91.9
Minnesota Timberwolves,Minnesota Timberwolves,MIN,2009,5,0.293,0.227,106.1,111.4,91.6
Minnesota Timberwolves,Minnesota Timberwolves,MIN,2010,6,0.183,0.171,101.7,111.6,96.1
Minnesota Timberwolves,Minnesota Timberwolves,MIN,2011,7,0.207,0.223,104.2,111.1,96.5
Minnesota Timberwolves,Minnesota Timberwolves,MIN,2012,8,0.394,0.262,104.3,106.6,93.3
Minnesota Timberwolves,Minnesota Timberwolves,MIN,2013,9,0.378,0.22,102.9,105.4,92.8
Minnesota Timberwolves,Minnesota Timberwolves,MIN,2014,10,0.488,0.245,108.9,106.2,97.3
Minnesota Timberwolves,Minnesota Timberwolves,MIN,2015,11,0.195,0.179,102.9,112.2,94.4
Minnesota Timberwolves,Minnesota Timberwolves,MIN,2016,12,0.354,0.202,106.5,110.1,95.2
Minnesota Timberwolves,Minnesota Timberwolves,MIN,2017,13,0.378,0.249,110.8,112,94.6
Minnesota Timberwolves,Minnesota Timberwolves,MIN,2018,14,0.573,0.261,113.4,111.1,96
Minnesota Timberwolves,Minnesota Timberwolves,MIN,2019,15,0.439,0.315,111.4,112.9,100.2
Minnesota Timberwolves,Minnesota Timberwolves,MIN,2020,16,0.297,0.433,108.1,112.2,103.4
Minnesota Timberwolves,Minnesota Timberwolves,MIN,2021,17,0.319,0.413,109.5,115,101.6
Minnesota Timberwolves,Minnesota Timberwolves,MIN,2022,18,0.561,0.454,114.3,111.7,100.9
Minnesota Timberwolves,Minnesota Timberwolves,MIN,2023,19,0.512,0.381,113.7,113.8,101
Minnesota Timberwolves,Minnesota Timberwolves,MIN,2024,20,0.683,0.385,115.6,109,97.1
New Orleans Hornets,New Orleans Pelicans,NOP,2005,1,0.22,0.201,99.7,107.7,87.6
New Orleans/Oklahoma City Hornets,New Orleans Pelicans,NOP,2006,2,0.463,0.138,103.7,106.8,89
New Orleans/Oklahoma City Hornets,New Orleans Pelicans,NOP,2007,3,0.476,0.188,104.8,106.5,90.2
New Orleans Hornets,New Orleans Pelicans,NOP,2008,4,0.683,0.239,111.5,105.7,89.9
New Orleans Hornets,New Orleans Pelicans,NOP,2009,5,0.598,0.24,108.7,107,87.8
New Orleans Hornets,New Orleans Pelicans,NOP,2010,6,0.451,0.23,107.4,110.1,92.6
New Orleans Hornets,New Orleans Pelicans,NOP,2011,7,0.561,0.192,106.2,105.2,88.7
New Orleans Hornets,New Orleans Pelicans,NOP,2012,8,0.318,0.152,100.9,105.1,88.3
New Orleans Hornets,New Orleans Pelicans,NOP,2013,9,0.329,0.224,105.7,110.1,88.5
New Orleans Pelicans,New Orleans Pelicans,NOP,2014,10,0.415,0.193,107.2,110.1,92.2
New Orleans Pelicans,New Orleans Pelicans,NOP,2015,11,0.549,0.233,108.2,107.3,91.4
New Orleans Pelicans,New Orleans Pelicans,NOP,2016,12,0.366,0.277,105.6,109.5,96.8
New Orleans Pelicans,New Orleans Pelicans,NOP,2017,13,0.415,0.308,105.2,107.4,98
New Orleans Pelicans,New Orleans Pelicans,NOP,2018,14,0.585,0.319,109.6,108.3,100.5
New Orleans Pelicans,New Orleans Pelicans,NOP,2019,15,0.402,0.324,111.4,112.6,103.3
New Orleans Pelicans,New Orleans Pelicans,NOP,2020,16,0.417,0.403,110.7,111.9,103.7
New Orleans Pelicans,New Orleans Pelicans,NOP,2021,17,0.431,0.342,113.5,113.8,100.1
New Orleans Pelicans,New Orleans Pelicans,NOP,2022,18,0.439,0.365,112,113,97.2
New Orleans Pelicans,New Orleans Pelicans,NOP,2023,19,0.512,0.344,114.4,112.5,99.1
New Orleans Pelicans,New Orleans Pelicans,NOP,2024,20,0.598,0.373,117.4,112.9,97.9
New York Knicks,New York Knicks,NYK,2005,1,0.402,0.188,106.2,108.9,90.7
New York Knicks,New York Knicks,NYK,2006,2,0.28,0.142,104,111,90.8
New York Knicks,New York Knicks,NYK,2007,3,0.402,0.216,105.7,108.8,90.8
New York Knicks,New York Knicks,NYK,2008,4,0.28,0.215,104.7,111.9,91.6
New York Knicks,New York Knicks,NYK,2009,5,0.39,0.322,108.1,110.8,96.7
New York Knicks,New York Knicks,NYK,2010,6,0.354,0.312,107.6,111.6,94
New York Knicks,New York Knicks,NYK,2011,7,0.512,0.303,110.9,110.1,95.6
New York Knicks,New York Knicks,NYK,2012,8,0.545,0.288,104.4,101,93.2
New York Knicks,New York Knicks,NYK,2013,9,0.659,0.354,111.1,106.3,89.8
New York Knicks,New York Knicks,NYK,2014,10,0.451,0.302,108.3,109.1,90.3
New York Knicks,New York Knicks,NYK,2015,11,0.207,0.24,99.9,110,91.2
New York Knicks,New York Knicks,NYK,2016,12,0.39,0.256,104.6,107.6,93.4
New York Knicks,New York Knicks,NYK,2017,13,0.378,0.279,107.7,111.5,96
New York Knicks,New York Knicks,NYK,2018,14,0.354,0.266,107.1,110.7,96.8
New York Knicks,New York Knicks,NYK,2019,15,0.207,0.334,104.5,113.7,99.6
New York Knicks,New York Knicks,NYK,2020,16,0.318,0.318,106.5,113,98.6
New York Knicks,New York Knicks,NYK,2021,17,0.569,0.347,110.6,108.2,95.9
New York Knicks,New York Knicks,NYK,2022,18,0.451,0.428,110.4,110.5,95.9
New York Knicks,New York Knicks,NYK,2023,19,0.573,0.4,117.8,114.8,97.1
New York Knicks,New York Knicks,NYK,2024,20,0.61,0.404,118.2,113.4,95.2
Seattle SuperSonics,Oklahoma City Thunder,OKC,2005,1,0.634,0.281,112.2,109.6,87.9
Seattle SuperSonics,Oklahoma City Thunder,OKC,2006,2,0.427,0.243,111.1,114.4,91.6
Seattle SuperSonics,Oklahoma City Thunder,OKC,2007,3,0.378,0.219,107.2,110.3,91.8
Seattle SuperSonics,Oklahoma City Thunder,OKC,2008,4,0.244,0.134,100.5,109.5,96.3
Oklahoma City Thunder,Oklahoma City Thunder,OKC,2009,5,0.28,0.141,102.9,109.4,93.6
Oklahoma City Thunder,Oklahoma City Thunder,OKC,2010,6,0.61,0.185,108.3,104.6,93.1
Oklahoma City Thunder,Oklahoma City Thunder,OKC,2011,7,0.671,0.212,111.2,107.2,92.7
Oklahoma City Thunder,Oklahoma City Thunder,OKC,2012,8,0.712,0.252,109.8,103.2,93
Oklahoma City Thunder,Oklahoma City Thunder,OKC,2013,9,0.732,0.244,112.4,102.6,93.3
Oklahoma City Thunder,Oklahoma City Thunder,OKC,2014,10,0.72,0.271,110.5,103.9,95.4
Oklahoma City Thunder,Oklahoma City Thunder,OKC,2015,11,0.549,0.262,107.8,105.5,95.7
Oklahoma City Thunder,Oklahoma City Thunder,OKC,2016,12,0.671,0.275,113.1,105.6,96.7
Oklahoma City Thunder,Oklahoma City Thunder,OKC,2017,13,0.573,0.295,108.3,107.5,97.8
Oklahoma City Thunder,Oklahoma City Thunder,OKC,2018,14,0.585,0.345,110.7,107.2,96.7
Oklahoma City Thunder,Oklahoma City Thunder,OKC,2019,15,0.598,0.347,110.3,107,102.8
Oklahoma City Thunder,Oklahoma City Thunder,OKC,2020,16,0.611,0.353,110.8,108.8,98.8
Oklahoma City Thunder,Oklahoma City Thunder,OKC,2021,17,0.306,0.399,103.5,114,101
Oklahoma City Thunder,Oklahoma City Thunder,OKC,2022,18,0.293,0.419,104.6,112.8,98.6
Oklahoma City Thunder,Oklahoma City Thunder,OKC,2023,19,0.488,0.369,115.2,114.2,101.1
Oklahoma City Thunder,Oklahoma City Thunder,OKC,2024,20,0.695,0.383,119.5,112.1,99.8
Orlando Magic,Orlando Magic,ORL,2005,1,0.439,0.137,104.9,107.3,94.7
Orlando Magic,Orlando Magic,ORL,2006,2,0.439,0.129,106.3,107.5,88.3
Orlando Magic,Orlando Magic,ORL,2007,3,0.488,0.158,104.9,104.1,89.9
Orlando Magic,Orlando Magic,ORL,2008,4,0.634,0.322,111.3,105.5,93.4
Orlando Magic,Orlando Magic,ORL,2009,5,0.72,0.335,109.2,101.9,92.3
Orlando Magic,Orlando Magic,ORL,2010,6,0.72,0.35,111.4,103.3,92
Orlando Magic,Orlando Magic,ORL,2011,7,0.634,0.328,107.9,102,91.2
Orlando Magic,Orlando Magic,ORL,2012,8,0.561,0.346,105,104.1,89
Orlando Magic,Orlando Magic,ORL,2013,9,0.244,0.223,101.6,109.1,92.2
Orlando Magic,Orlando Magic,ORL,2014,10,0.28,0.235,101.7,107.4,93.6
Orlando Magic,Orlando Magic,ORL,2015,11,0.305,0.235,101.6,107.7,93.8
Orlando Magic,Orlando Magic,ORL,2016,12,0.427,0.255,105.1,106.8,96
Orlando Magic,Orlando Magic,ORL,2017,13,0.354,0.3,103.7,110.5,96.8
Orlando Magic,Orlando Magic,ORL,2018,14,0.305,0.342,105.2,110.1,98.1
Orlando Magic,Orlando Magic,ORL,2019,15,0.512,0.36,108.9,108.1,98.1
Orlando Magic,Orlando Magic,ORL,2020,16,0.452,0.364,108.5,109.5,98.6
Orlando Magic,Orlando Magic,ORL,2021,17,0.292,0.356,105.1,114.5,98.7
Orlando Magic,Orlando Magic,ORL,2022,18,0.268,0.417,104.5,112.5,99.2
Orlando Magic,Orlando Magic,ORL,2023,19,0.415,0.361,111.6,114.2,99.3
Orlando Magic,Orlando Magic,ORL,2024,20,0.573,0.369,113.4,111.3,96.9
Philadelphia 76ers,Philadelphia 76ers,PHI,2005,1,0.524,0.216,103.5,104.3,94.9
Philadelphia 76ers,Philadelphia 76ers,PHI,2006,2,0.463,0.158,106,108.1,92.7
Philadelphia 76ers,Philadelphia 76ers,PHI,2007,3,0.427,0.128,103.6,106.9,90.7
Philadelphia 76ers,Philadelphia 76ers,PHI,2008,4,0.488,0.143,106.4,106,90.4
Philadelphia 76ers,Philadelphia 76ers,PHI,2009,5,0.5,0.164,107.9,107.8,90
Philadelphia 76ers,Philadelphia 76ers,PHI,2010,6,0.329,0.206,106.1,110.3,91.6
Philadelphia 76ers,Philadelphia 76ers,PHI,2011,7,0.5,0.184,106.6,105,91.7
Philadelphia 76ers,Philadelphia 76ers,PHI,2012,8,0.53,0.175,103.9,99.2,89.7
Philadelphia 76ers,Philadelphia 76ers,PHI,2013,9,0.415,0.209,102,105.7,91
Philadelphia 76ers,Philadelphia 76ers,PHI,2014,10,0.232,0.258,99.4,109.9,99.2
Philadelphia 76ers,Philadelphia 76ers,PHI,2015,11,0.22,0.319,95.5,104.8,95.7
Philadelphia 76ers,Philadelphia 76ers,PHI,2016,12,0.122,0.327,98.8,109.2,97.9
Philadelphia 76ers,Philadelphia 76ers,PHI,2017,13,0.341,0.349,103.2,108.9,98.5
Philadelphia 76ers,Philadelphia 76ers,PHI,2018,14,0.634,0.344,109.5,105,99.8
Philadelphia 76ers,Philadelphia 76ers,PHI,2019,15,0.622,0.342,112.6,110,101.6
Philadelphia 76ers,Philadelphia 76ers,PHI,2020,16,0.589,0.36,111.3,109,99
Philadelphia 76ers,Philadelphia 76ers,PHI,2021,17,0.681,0.347,113.2,107.6,99.5
Philadelphia 76ers,Philadelphia 76ers,PHI,2022,18,0.622,0.376,113.5,110.8,96.2
Philadelphia 76ers,Philadelphia 76ers,PHI,2023,19,0.659,0.389,117.7,113.3,96.9
Philadelphia 76ers,Philadelphia 76ers,PHI,2024,20,0.573,0.373,116.9,113.8,97.5
Phoenix Suns,Phoenix Suns,PHX,2005,1,0.756,0.289,114.5,107.1,95.9
Phoenix Suns,Phoenix Suns,PHX,2006,2,0.659,0.293,111.5,105.8,95.8
Phoenix Suns,Phoenix Suns,PHX,2007,3,0.744,0.287,113.9,106.4,95.6
Phoenix Suns,Phoenix Suns,PHX,2008,4,0.671,0.26,113.3,108.1,96.7
Phoenix Suns,Phoenix Suns,PHX,2009,5,0.561,0.216,113.6,111.6,96
Phoenix Suns,Phoenix Suns,PHX,2010,6,0.659,0.261,115.3,110.2,95.3
Phoenix Suns,Phoenix Suns,PHX,2011,7,0.488,0.271,109.5,110.4,94.4
Phoenix Suns,Phoenix Suns,PHX,2012,8,0.5,0.238,106.2,106.5,92.6
Phoenix Suns,Phoenix Suns,PHX,2013,9,0.305,0.21,101.2,108.1,93.4
Phoenix Suns,Phoenix Suns,PHX,2014,10,0.585,0.3,109.5,106.7,95.8
Phoenix Suns,Phoenix Suns,PHX,2015,11,0.476,0.291,105.3,106.2,96.3
Phoenix Suns,Phoenix Suns,PHX,2016,12,0.28,0.302,102.2,109,98.5
Phoenix Suns,Phoenix Suns,PHX,2017,13,0.293,0.255,106.6,112.2,100.3
Phoenix Suns,Phoenix Suns,PHX,2018,14,0.256,0.32,103.5,112.9,100.3
Phoenix Suns,Phoenix Suns,PHX,2019,15,0.232,0.335,105.9,115.1,100.5
Phoenix Suns,Phoenix Suns,PHX,2020,16,0.466,0.361,111.7,111.4,101.3
Phoenix Suns,Phoenix Suns,PHX,2021,17,0.708,0.392,117.2,111.3,97.2
Phoenix Suns,Phoenix Suns,PHX,2022,18,0.78,0.354,114.8,107.3,99.8
Phoenix Suns,Phoenix Suns,PHX,2023,19,0.549,0.362,115.1,113,98.2
Phoenix Suns,Phoenix Suns,PHX,2024,20,0.598,0.379,117.6,114.6,98.3
Portland Trail Blazers,Portland Trail Blazers,POR,2005,1,0.329,0.181,103.2,107.7,89.8
Portland Trail Blazers,Portland Trail Blazers,POR,2006,2,0.256,0.166,101.1,111.9,87.6
Portland Trail Blazers,Portland Trail Blazers,POR,2007,3,0.39,0.193,105.1,109.9,88.3
Portland Trail Blazers,Portland Trail Blazers,POR,2008,4,0.5,0.218,107.3,108.4,87.9
Portland Trail Blazers,Portland Trail Blazers,POR,2009,5,0.659,0.239,113.9,107.8,86.6
Portland Trail Blazers,Portland Trail Blazers,POR,2010,6,0.61,0.215,110.8,107.1,87.7
Portland Trail Blazers,Portland Trail Blazers,POR,2011,7,0.585,0.228,108.8,107.1,87.9
Portland Trail Blazers,Portland Trail Blazers,POR,2012,8,0.424,0.255,105.7,106.4,91.2
Portland Trail Blazers,Portland Trail Blazers,POR,2013,9,0.402,0.284,105.8,109.2,91.4
Portland Trail Blazers,Portland Trail Blazers,POR,2014,10,0.659,0.29,111.5,107.4,94.9
Portland Trail Blazers,Portland Trail Blazers,POR,2015,11,0.622,0.316,108.2,103.7,94.2
Portland Trail Blazers,Portland Trail Blazers,POR,2016,12,0.537,0.332,108.8,108,96
Portland Trail Blazers,Portland Trail Blazers,POR,2017,13,0.5,0.322,110.3,110.8,96.7
Portland Trail Blazers,Portland Trail Blazers,POR,2018,14,0.598,0.324,109.1,106.4,96.5
Portland Trail Blazers,Portland Trail Blazers,POR,2019,15,0.646,0.339,114.7,110.5,99.1
Portland Trail Blazers,Portland Trail Blazers,POR,2020,16,0.473,0.374,113.7,114.8,100.7
Portland Trail Blazers,Portland Trail Blazers,POR,2021,17,0.583,0.448,117.8,116,98.4
Portland Trail Blazers,Portland Trail Blazers,POR,2022,18,0.329,0.422,107.8,116.9,98.3
Portland Trail Blazers,Portland Trail Blazers,POR,2023,19,0.402,0.413,114.8,118.8,98.6
Portland Trail Blazers,Portland Trail Blazers,POR,2024,20,0.256,0.37,108.3,117.5,97.2
Sacramento Kings,Sacramento Kings,SAC,2005,1,0.61,0.2,110.5,108.2,93
Sacramento Kings,Sacramento Kings,SAC,2006,2,0.537,0.217,106.7,105,91.9
Sacramento Kings,Sacramento Kings,SAC,2007,3,0.402,0.232,106.2,108,94.8
Sacramento Kings,Sacramento Kings,SAC,2008,4,0.463,0.208,107.5,109.9,94.7
Sacramento Kings,Sacramento Kings,SAC,2009,5,0.207,0.238,105.5,114.7,94.2
Sacramento Kings,Sacramento Kings,SAC,2010,6,0.305,0.201,105.3,109.9,94
Sacramento Kings,Sacramento Kings,SAC,2011,7,0.293,0.183,103.5,109,95.2
Sacramento Kings,Sacramento Kings,SAC,2012,8,0.333,0.228,103.8,109.8,94.7
Sacramento Kings,Sacramento Kings,SAC,2013,9,0.341,0.243,106.2,111.4,93.6
Sacramento Kings,Sacramento Kings,SAC,2014,10,0.341,0.218,105.7,108.8,94.4
Sacramento Kings,Sacramento Kings,SAC,2015,11,0.354,0.204,105.3,109.2,95.4
Sacramento Kings,Sacramento Kings,SAC,2016,12,0.402,0.26,106,108.4,100
Sacramento Kings,Sacramento Kings,SAC,2017,13,0.39,0.291,107.3,111.3,94.9
Sacramento Kings,Sacramento Kings,SAC,2018,14,0.329,0.278,103.7,111.1,94.9
Sacramento Kings,Sacramento Kings,SAC,2019,15,0.476,0.321,110.4,111.5,103.1
Sacramento Kings,Sacramento Kings,SAC,2020,16,0.431,0.395,110.2,112.2,98.9
Sacramento Kings,Sacramento Kings,SAC,2021,17,0.431,0.376,113.6,117.2,100
Sacramento Kings,Sacramento Kings,SAC,2022,18,0.366,0.377,109.9,115.3,99.8
Sacramento Kings,Sacramento Kings,SAC,2023,19,0.585,0.423,119.4,116.8,100.3
Sacramento Kings,Sacramento Kings,SAC,2024,20,0.561,0.432,116.9,115.2,98.8
San Antonio Spurs,San Antonio Spurs,SAS,2005,1,0.72,0.216,107.5,98.8,88.9
San Antonio Spurs,San Antonio Spurs,SAS,2006,2,0.768,0.215,107.3,99.6,88.5
San Antonio Spurs,San Antonio Spurs,SAS,2007,3,0.707,0.247,109.2,99.9,89.8
San Antonio Spurs,San Antonio Spurs,SAS,2008,4,0.683,0.251,107.2,101.8,88.8
San Antonio Spurs,San Antonio Spurs,SAS,2009,5,0.659,0.248,108.5,104.3,88.4
San Antonio Spurs,San Antonio Spurs,SAS,2010,6,0.61,0.232,110,104.5,91.7
San Antonio Spurs,San Antonio Spurs,SAS,2011,7,0.744,0.261,111.8,105.6,92.3
San Antonio Spurs,San Antonio Spurs,SAS,2012,8,0.758,0.257,110.9,103.2,92.9
San Antonio Spurs,San Antonio Spurs,SAS,2013,9,0.707,0.264,108.3,101.6,94.2
San Antonio Spurs,San Antonio Spurs,SAS,2014,10,0.756,0.257,110.5,102.4,95
San Antonio Spurs,San Antonio Spurs,SAS,2015,11,0.671,0.269,108.5,102,93.8
San Antonio Spurs,San Antonio Spurs,SAS,2016,12,0.817,0.223,110.3,99,93.8
San Antonio Spurs,San Antonio Spurs,SAS,2017,13,0.744,0.281,111.1,103.5,94.2
San Antonio Spurs,San Antonio Spurs,SAS,2018,14,0.573,0.282,107.9,104.8,95
San Antonio Spurs,San Antonio Spurs,SAS,2019,15,0.585,0.286,112.9,111.2,98.3
San Antonio Spurs,San Antonio Spurs,SAS,2020,16,0.451,0.318,112.4,113.5,100.5
San Antonio Spurs,San Antonio Spurs,SAS,2021,17,0.458,0.314,111,112.8,98.9
San Antonio Spurs,San Antonio Spurs,SAS,2022,18,0.415,0.345,112.4,112.3,100
San Antonio Spurs,San Antonio Spurs,SAS,2023,19,0.268,0.348,110.2,120,101.6
San Antonio Spurs,San Antonio Spurs,SAS,2024,20,0.268,0.401,110,116.4,101.1
Toronto Raptors,Toronto Raptors,TOR,2005,1,0.402,0.253,106.9,108.7,92.7
Toronto Raptors,Toronto Raptors,TOR,2006,2,0.329,0.244,109.5,112.7,91.1
Toronto Raptors,Toronto Raptors,TOR,2007,3,0.573,0.224,107,106,92.6
Toronto Raptors,Toronto Raptors,TOR,2008,4,0.5,0.217,110.2,107,90.2
Toronto Raptors,Toronto Raptors,TOR,2009,5,0.402,0.193,107,110,92
Toronto Raptors,Toronto Raptors,TOR,2010,6,0.488,0.211,111.3,113.2,93.1
Toronto Raptors,Toronto Raptors,TOR,2011,7,0.268,0.162,106.1,112.9,92.9
Toronto Raptors,Toronto Raptors,TOR,2012,8,0.348,0.209,100.8,104.5,89.3
Toronto Raptors,Toronto Raptors,TOR,2013,9,0.415,0.249,105.9,107.5,90.4
Toronto Raptors,Toronto Raptors,TOR,2014,10,0.585,0.285,108.8,105.3,91.8
Toronto Raptors,Toronto Raptors,TOR,2015,11,0.598,0.302,111,107.7,92.8
Toronto Raptors,Toronto Raptors,TOR,2016,12,0.683,0.287,110,105.2,92.9
Toronto Raptors,Toronto Raptors,TOR,2017,13,0.622,0.289,112.3,107.8,94.7
Toronto Raptors,Toronto Raptors,TOR,2018,14,0.72,0.377,113.8,105.9,97.4
Toronto Raptors,Toronto Raptors,TOR,2019,15,0.707,0.379,113.1,107.1,100.2
Toronto Raptors,Toronto Raptors,TOR,2020,16,0.736,0.421,111.1,105,100.9
Toronto Raptors,Toronto Raptors,TOR,2021,17,0.375,0.444,112,112.5,99.2
Toronto Raptors,Toronto Raptors,TOR,2022,18,0.585,0.375,112.9,110.5,96
Toronto Raptors,Toronto Raptors,TOR,2023,19,0.5,0.351,115.5,114,97.1
Toronto Raptors,Toronto Raptors,TOR,2024,20,0.305,0.369,112.3,118.8,99.4
Utah Jazz,Utah Jazz,UTA,2005,1,0.317,0.121,104.7,109.5,88.4
Utah Jazz,Utah Jazz,UTA,2006,2,0.5,0.149,104.1,107,87.8
Utah Jazz,Utah Jazz,UTA,2007,3,0.622,0.163,110.1,107,91.6
Utah Jazz,Utah Jazz,UTA,2008,4,0.659,0.166,113.8,106.5,93.2
Utah Jazz,Utah Jazz,UTA,2009,5,0.585,0.169,110.1,107.3,93.1
Utah Jazz,Utah Jazz,UTA,2010,6,0.646,0.184,110.7,105,93.8
Utah Jazz,Utah Jazz,UTA,2011,7,0.476,0.191,108.1,110.1,91
Utah Jazz,Utah Jazz,UTA,2012,8,0.545,0.153,106.8,106.1,91.4
Utah Jazz,Utah Jazz,UTA,2013,9,0.524,0.206,106.7,106.8,90.9
Utah Jazz,Utah Jazz,UTA,2014,10,0.305,0.237,103.5,111.3,91.4
Utah Jazz,Utah Jazz,UTA,2015,11,0.463,0.274,105.1,104.9,90.4
Utah Jazz,Utah Jazz,UTA,2016,12,0.488,0.297,105.9,103.9,91
Utah Jazz,Utah Jazz,UTA,2017,13,0.622,0.327,109.6,105.3,91.6
Utah Jazz,Utah Jazz,UTA,2018,14,0.585,0.357,108.4,103.9,95.7
Utah Jazz,Utah Jazz,UTA,2019,15,0.61,0.394,110.9,105.7,100.3
Utah Jazz,Utah Jazz,UTA,2020,16,0.611,0.414,112.3,109.9,98.6
Utah Jazz,Utah Jazz,UTA,2021,17,0.722,0.488,117.6,108.3,98.5
Utah Jazz,Utah Jazz,UTA,2022,18,0.598,0.468,116.7,110.5,97.1
Utah Jazz,Utah Jazz,UTA,2023,19,0.451,0.421,115.8,116.7,100.5
Utah Jazz,Utah Jazz,UTA,2024,20,0.378,0.406,115.5,120.4,99.5
Washington Wizards,Washington Wizards,WAS,2005,1,0.549,0.22,107.2,107.5,93.3
Washington Wizards,Washington Wizards,WAS,2006,2,0.512,0.209,109.3,107.3,92.3
Washington Wizards,Washington Wizards,WAS,2007,3,0.5,0.237,110.1,110.6,94.1
Washington Wizards,Washington Wizards,WAS,2008,4,0.524,0.241,109.2,109.6,89.5
Washington Wizards,Washington Wizards,WAS,2009,5,0.232,0.18,105.4,113.6,91
Washington Wizards,Washington Wizards,WAS,2010,6,0.317,0.183,104.2,109.4,91.6
Washington Wizards,Washington Wizards,WAS,2011,7,0.28,0.172,102.4,110.2,93.8
Washington Wizards,Washington Wizards,WAS,2012,8,0.303,0.196,101,106.2,92.5
Washington Wizards,Washington Wizards,WAS,2013,9,0.354,0.223,100.2,103,92.2
Washington Wizards,Washington Wizards,WAS,2014,10,0.537,0.246,106,104.6,93.2
Washington Wizards,Washington Wizards,WAS,2015,11,0.561,0.203,103.7,103,93.7
Washington Wizards,Washington Wizards,WAS,2016,12,0.5,0.282,105.3,105.8,98.5
Washington Wizards,Washington Wizards,WAS,2017,13,0.598,0.284,111.2,109.3,97.4
Washington Wizards,Washington Wizards,WAS,2018,14,0.524,0.31,109.3,108.7,96.6
Washington Wizards,Washington Wizards,WAS,2019,15,0.39,0.37,111.1,113.9,101.4
Washington Wizards,Washington Wizards,WAS,2020,16,0.347,0.358,110.9,115.5,102.7
Washington Wizards,Washington Wizards,WAS,2021,17,0.472,0.319,111.2,113,104.1
Washington Wizards,Washington Wizards,WAS,2022,18,0.427,0.356,111.1,114.5,97
Washington Wizards,Washington Wizards,WAS,2023,19,0.427,0.365,114.4,115.6,98.6
Washington Wizards,Washington Wizards,WAS,2024,20,0.183,0.389,110.5,119.6,102.7
